,Target lang,Transfer lang,Accuracy,Rank,Accuracy level,Entity overlap,Transfer lang dataset size,Target lang dataset size,Transfer over target size ratio,GENETIC,SYNTACTIC,FEATURAL,PHONOLOGICAL,INVENTORY,GEOGRAPHIC
0,ben,amh,0.28,12,42,0.0002,2028,10000,0.2028,1.0,0.4565,0.4582,0.4146,0.4998,0.2159
1,ben,ara,0.11,42,12,0.0,10000,10000,1.0,1.0,0.7371,0.7024,0.3999,0.2895,0.1836
2,ben,aze,0.26,14,40,0.0001,10000,10000,1.0,1.0,0.4057,0.4194,0.0895,0.4997,0.1773
3,ben,cat,0.26,14,40,0.0,10000,10000,1.0,0.9237,0.4688,0.5042,0.1739,0.4988,0.3027
4,ben,ceb,0.16,39,15,0.0,10000,10000,1.0,1.0,0.5953,0.5784,0.0767,0.0065,0.1621
5,ben,ckb,0.25,18,36,0.0,6279,10000,0.6279,0.8155,0.5308,0.5089,0.2151,0.2384,0.1764
6,ben,deu,0.26,14,40,0.0,10000,10000,1.0,0.9014,0.292,0.3494,0.8275,0.6073,0.2744
7,ben,fas,0.22,26,28,0.0,10000,10000,1.0,0.8155,0.5418,0.5282,0.8976,0.0087,0.1412
8,ben,fra,0.22,26,28,0.0,10000,10000,1.0,0.9304,0.5366,0.5668,0.8567,0.6072,0.3001
9,ben,hau,0.21,32,22,0.0,1071,10000,0.1071,1.0,0.5667,0.5449,0.3549,0.4992,0.3228
10,ben,hin,0.45,2,52,0.0,10000,10000,1.0,0.718,0.4207,0.467,0.8291,0.4994,0.0542
11,ben,hun,0.23,22,32,0.0,10000,10000,1.0,1.0,0.5016,0.495,0.3549,0.6072,0.2566
12,ben,ilo,0.22,26,28,0.0002,3549,10000,0.3549,1.0,0.599,0.5577,0.0405,0.0013,0.1355
13,ben,ind,0.35,6,48,0.0,10000,10000,1.0,1.0,0.5822,0.5778,0.4582,0.4993,0.1639
14,ben,ita,0.32,7,47,0.0,10000,10000,1.0,0.9196,0.5211,0.5425,0.1376,0.0218,0.2771
15,ben,jav,0.27,13,41,0.0,9243,10000,0.9243,1.0,0.5426,0.5637,0.0968,0.4993,0.1428
16,ben,kaz,0.2,33,21,0.0,10000,10000,1.0,1.0,0.3292,0.3006,0.4003,0.1694,0.1213
17,ben,kin,0.07,48,6,0.0,864,10000,0.0864,1.0,0.5837,0.5522,0.8311,0.0228,0.2729
18,ben,kir,0.22,26,28,0.0,10000,10000,1.0,1.0,0.2903,0.3338,0.3549,0.6077,0.1014
19,ben,kur,0.25,18,36,0.0,4006,10000,0.4006,0.8003,0.5106,0.4783,0.3549,0.5,0.1762
20,ben,lao,0.01,53,1,0.0,521,10000,0.0521,1.0,0.5966,0.5995,0.1171,0.008,0.072
21,ben,mar,0.48,1,53,0.0002,10000,10000,1.0,0.6936,0.3438,0.4014,0.0526,0.4997,0.0631
22,ben,mlt,0.08,47,7,0.0,1390,10000,0.139,1.0,0.5419,0.5685,0.3549,0.0113,0.2772
23,ben,mya,0.02,51,3,0.0,3282,10000,0.3282,1.0,0.5502,0.5701,0.4759,0.7047,0.0223
24,ben,msa,0.41,3,51,0.0,10000,10000,1.0,1.0,0.5555,0.5685,0.0562,0.4993,0.1075
25,ben,nld,0.18,36,18,0.0,10000,10000,1.0,0.9196,0.4647,0.4962,0.1147,0.4989,0.2898
26,ben,nya,0.04,49,5,0.0,237,10000,0.0237,1.0,0.6751,0.6151,0.1494,0.1411,0.2883
27,ben,orm,0.1,44,10,0.0,265,10000,0.0265,1.0,0.5129,0.4625,0.3549,0.0182,0.2138
28,ben,pan,0.4,4,50,0.0,7902,10000,0.7902,0.6936,0.4385,0.4791,0.048,0.6077,0.0644
29,ben,pol,0.26,14,40,0.0,10000,10000,1.0,0.8919,0.5051,0.5192,0.0583,0.0118,0.2584
30,ben,por,0.22,26,28,0.0,10000,10000,1.0,0.9273,0.513,0.5342,0.1352,0.0216,0.3215
31,ben,ron,0.31,10,44,0.0001,10000,10000,1.0,0.9147,0.5419,0.5119,0.0192,0.4991,0.2444
32,ben,rus,0.11,42,12,0.0,10000,10000,1.0,0.879,0.5051,0.5251,0.3549,0.0149,0.1466
33,ben,sna,0.17,37,17,0.0,592,10000,0.0592,1.0,0.6405,0.6318,0.0188,0.0155,0.3021
34,ben,som,0.09,46,8,0.0,1246,10000,0.1246,1.0,0.4619,0.4667,0.3549,0.6079,0.2074
35,ben,spa,0.32,7,47,0.0,10000,10000,1.0,0.9304,0.5288,0.5003,0.4146,0.4991,0.3158
36,ben,swa,0.2,33,21,0.0002,10000,10000,1.0,1.0,0.6886,0.6709,0.4766,0.4999,0.2598
37,ben,swe,0.19,35,19,0.0,10000,10000,1.0,0.9014,0.482,0.5182,0.0731,0.6069,0.2612
38,ben,tam,0.25,18,36,0.0,10000,10000,1.0,1.0,0.4292,0.443,0.0505,0.608,0.0781
39,ben,tel,0.38,5,49,0.0,5991,10000,0.5991,1.0,0.4017,0.4215,0.0782,0.6079,0.0594
40,ben,tgk,0.24,21,33,0.0,10000,10000,1.0,0.8378,0.4767,0.4334,0.2069,0.1758,0.1061
41,ben,tgl,0.3,11,43,0.0,10000,10000,1.0,1.0,0.5969,0.5747,0.4411,0.4993,0.1414
42,ben,tha,0.1,44,10,0.0001,10000,10000,1.0,1.0,0.6971,0.682,0.4731,0.0048,0.0641
43,ben,tir,0.02,51,3,0.0,81,10000,0.0081,1.0,0.3663,0.3306,0.0345,0.0128,0.2131
44,ben,tuk,0.23,22,32,0.0001,1152,10000,0.1152,1.0,0.4207,0.4266,0.4978,0.1902,0.1323
45,ben,tur,0.32,7,47,0.0,10000,10000,1.0,1.0,0.4991,0.4652,0.3549,0.0023,0.2193
46,ben,ukr,0.22,26,28,0.0,10000,10000,1.0,0.8919,0.5025,0.5125,0.0458,0.0175,0.244
47,ben,uig,0.14,40,14,0.0,1167,10000,0.1167,1.0,0.3277,0.3125,1.0,0.2147,0.097
48,ben,uzb,0.23,22,32,0.0,10000,10000,1.0,1.0,0.306,0.382,0.8739,0.6081,0.1101
49,ben,vie,0.14,40,14,0.0,10000,10000,1.0,1.0,0.5959,0.6087,0.6451,0.0053,0.0755
50,ben,xho,0.04,49,5,0.0,218,10000,0.0218,1.0,0.5579,0.5489,0.0507,0.0124,0.334
51,ben,yor,0.23,22,32,0.0002,7227,10000,0.7227,1.0,0.665,0.6075,0.3549,0.0165,0.344
52,ben,zul,0.17,37,17,0.0,462,10000,0.0462,1.0,0.6838,0.6491,0.0266,0.5001,0.3143
53,jav,amh,0.66,23,31,0.0001081899816077,2028,9243,0.2194092827004219,1.0,0.5402,0.5677,0.3944,0.01,0.3024
54,jav,ara,0.64,45,9,0.0,10000,9243,1.0818998160770312,1.0,0.5871,0.6764,0.4198,0.3413,0.2962
55,jav,aze,0.66,23,31,0.0114681380504165,10000,9243,1.0818998160770312,1.0,0.5437,0.6042,0.0073,0.6661,0.3007
56,jav,ben,0.67,9,45,0.0,10000,9243,1.0818998160770312,1.0,0.5426,0.5637,0.0968,0.4993,0.1428
57,jav,cat,0.66,23,31,0.0159039272963323,10000,9243,1.0818998160770312,1.0,0.4298,0.5366,0.2707,0.0203,0.4048
58,jav,ceb,0.67,9,45,0.0037866493562696,10000,9243,1.0818998160770312,0.631,0.4845,0.4467,0.0201,0.4994,0.0735
59,jav,ckb,0.66,23,31,0.0001081899816077,6279,9243,0.679324894514768,1.0,0.5371,0.5751,0.2172,0.2732,0.297
60,jav,deu,0.67,9,45,0.0068159688412852,10000,9243,1.0818998160770312,1.0,0.4626,0.4939,0.8462,0.3914,0.3832
61,jav,fas,0.65,38,16,0.0,10000,9243,1.0818998160770312,1.0,0.5163,0.5548,0.9086,0.4994,0.2608
62,jav,fra,0.67,9,45,0.0071405387861084,10000,9243,1.0818998160770312,1.0,0.4152,0.5924,0.8721,0.7313,0.4037
63,jav,hau,0.65,38,16,0.0164448772043708,1071,9243,0.11587147030185,1.0,0.4332,0.4608,0.4517,0.0094,0.4007
64,jav,hin,0.68,4,50,0.0,10000,9243,1.0818998160770312,1.0,0.6069,0.5948,0.8476,0.0053,0.184
65,jav,hun,0.66,23,31,0.014930217461863,10000,9243,1.0818998160770312,1.0,0.5306,0.5903,0.4517,0.7314,0.3685
66,jav,ilo,0.67,9,45,0.0507411013740127,3549,9243,0.3839662447257383,0.5319,0.5034,0.5034,0.0563,0.4993,0.0876
67,jav,ind,0.82,1,53,0.0585307800497673,10000,9243,1.0818998160770312,0.6854,0.2849,0.3583,0.3613,0.0045,0.0314
68,jav,ita,0.68,4,50,0.0095207183814778,10000,9243,1.0818998160770312,1.0,0.4809,0.5751,0.2345,0.4996,0.3844
69,jav,kaz,0.65,38,16,0.0009737098344693,10000,9243,1.0818998160770312,1.0,0.521,0.5338,0.4856,0.3386,0.2533
70,jav,kin,0.64,45,9,0.0121172779400627,864,9243,0.0934761441090555,1.0,0.4849,0.5447,0.8312,0.4998,0.3352
71,jav,kir,0.66,23,31,0.0009737098344693,10000,9243,1.0818998160770312,1.0,0.4736,0.5428,0.4517,0.7317,0.2347
72,jav,kur,0.66,23,31,0.0542031807854592,4006,9243,0.4334090663204587,1.0,0.5355,0.5279,0.4517,0.0133,0.297
73,jav,lao,0.63,51,3,0.0004327599264308,521,9243,0.0563669804176133,1.0,0.4533,0.5398,0.0203,0.4994,0.0808
74,jav,mar,0.67,9,45,0.0,10000,9243,1.0818998160770312,1.0,0.5581,0.6017,0.1495,0.0113,0.1707
75,jav,mlt,0.65,38,16,0.0202315265606404,1390,9243,0.1503840744347073,1.0,0.3758,0.5836,0.4517,0.4994,0.3817
76,jav,mya,0.63,51,3,0.001081899816077,3282,9243,0.3550795196364816,1.0,0.639,0.6474,0.379,0.564,0.1218
77,jav,msa,0.72,2,52,0.0336470842799956,10000,9243,1.0818998160770312,0.6854,0.4118,0.3723,0.0406,0.0008,0.0452
78,jav,nld,0.69,3,51,0.0106026181975549,10000,9243,1.0818998160770312,1.0,0.4132,0.5473,0.2115,0.6656,0.3957
79,jav,nya,0.64,45,9,0.0087633885102239,237,9243,0.0256410256410256,1.0,0.5204,0.5178,0.1384,0.3627,0.3252
80,jav,orm,0.65,38,16,0.0014064697609001,265,9243,0.0286703451260413,1.0,0.5652,0.5786,0.4517,0.4996,0.2948
81,jav,pan,0.67,9,45,0.0001081899816077,7902,9243,0.8549172346640701,1.0,0.5581,0.6036,0.1449,0.3916,0.1999
82,jav,pol,0.67,9,45,0.0129827977929243,10000,9243,1.0818998160770312,1.0,0.5106,0.5455,0.1551,0.4994,0.3704
83,jav,por,0.67,9,45,0.0131991777561397,10000,9243,1.0818998160770312,1.0,0.4287,0.5362,0.2321,0.4996,0.4198
84,jav,ron,0.68,4,50,0.0312669046846262,10000,9243,1.0818998160770312,1.0,0.4416,0.4285,0.1161,0.0056,0.3583
85,jav,rus,0.64,45,9,0.0007573298712539,10000,9243,1.0818998160770312,1.0,0.6116,0.654,0.4517,0.4994,0.27
86,jav,sna,0.66,23,31,0.0182841068917018,592,9243,0.0640484691117602,1.0,0.5346,0.5723,0.0781,0.4995,0.3356
87,jav,som,0.65,38,16,0.0256410256410256,1246,9243,0.1348047170831981,1.0,0.4863,0.5642,0.4517,0.3917,0.2803
88,jav,spa,0.68,4,50,0.0110353781239857,10000,9243,1.0818998160770312,1.0,0.4455,0.4851,0.3944,0.6657,0.4149
89,jav,swa,0.67,9,45,0.1000757329871254,10000,9243,1.0818998160770312,1.0,0.5179,0.5813,0.3798,0.6663,0.3077
90,jav,swe,0.67,9,45,0.0129827977929243,10000,9243,1.0818998160770312,1.0,0.3851,0.5261,0.1699,0.7311,0.3717
91,jav,tam,0.66,23,31,0.0001081899816077,10000,9243,1.0818998160770312,1.0,0.6696,0.6859,0.0464,0.7319,0.151
92,jav,tel,0.68,4,50,0.0001081899816077,5991,9243,0.6481661798117494,1.0,0.6088,0.6167,0.1751,0.3917,0.1607
93,jav,tgk,0.66,23,31,0.0006491398896462,10000,9243,1.0818998160770312,1.0,0.4753,0.4967,0.1989,0.3297,0.2397
94,jav,tgl,0.67,9,45,0.0439251325327274,10000,9243,1.0818998160770312,0.6614,0.5662,0.512,0.3443,0.0027,0.0825
95,jav,tha,0.64,45,9,0.0002163799632154,10000,9243,1.0818998160770312,1.0,0.4817,0.5578,0.3763,0.4993,0.0813
96,jav,tir,0.64,45,9,0.0,81,9243,0.0087633885102239,1.0,0.568,0.5803,0.0623,0.4995,0.3057
97,jav,tuk,0.66,23,31,0.0114681380504165,1152,9243,0.124634858812074,1.0,0.6655,0.6744,0.5625,0.3563,0.2612
98,jav,tur,0.67,9,45,0.027696635291572,10000,9243,1.0818998160770312,1.0,0.6436,0.6595,0.4517,0.4993,0.3353
99,jav,ukr,0.66,23,31,0.0014064697609001,10000,9243,1.0818998160770312,1.0,0.5459,0.6222,0.1427,0.4995,0.3583
100,jav,uig,0.66,23,31,0.0015146597425078,1167,9243,0.1262577085361895,1.0,0.6269,0.6275,1.0,0.3227,0.2277
101,jav,uzb,0.67,9,45,0.0128746078113166,10000,9243,1.0818998160770312,1.0,0.5953,0.6452,0.8874,0.7319,0.2433
102,jav,vie,0.66,23,31,0.0216379963215406,10000,9243,1.0818998160770312,1.0,0.4297,0.4984,0.5483,0.4994,0.088
103,jav,xho,0.63,51,3,0.0036784593746619,218,9243,0.0235854159904792,1.0,0.4251,0.5719,0.1476,0.4995,0.3429
104,jav,yor,0.66,23,31,0.0795196364816618,7227,9243,0.7818889970788705,1.0,0.4336,0.4515,0.4517,0.4996,0.4152
105,jav,zul,0.65,38,16,0.0089797684734393,462,9243,0.0499837715027588,1.0,0.5239,0.6078,0.0702,0.6663,0.332
106,lao,amh,0.05,12,42,0.0,2028,521,3.892514395393474,1.0,0.6701,0.7231,0.3927,0.4998,0.2698
107,lao,ara,0.05,12,42,0.0,10000,521,19.19385796545105,1.0,0.6854,0.7474,0.4262,0.2895,0.2465
108,lao,aze,0.04,32,22,0.0057581573896353,10000,521,19.19385796545105,1.0,0.6051,0.6702,0.0276,0.4997,0.2411
109,lao,ben,0.07,2,52,0.0,10000,521,19.19385796545105,1.0,0.5966,0.5995,0.1171,0.008,0.072
110,lao,cat,0.04,32,22,0.0019193857965451,10000,521,19.19385796545105,1.0,0.591,0.6203,0.291,0.4992,0.3561
111,lao,ceb,0.06,5,49,0.0057581573896353,10000,521,19.19385796545105,1.0,0.6355,0.6685,0.0404,0.0061,0.0943
112,lao,ckb,0.05,12,42,0.0,6279,521,12.051823416506718,1.0,0.5638,0.6066,0.2228,0.2381,0.2407
113,lao,deu,0.05,12,42,0.0,10000,521,19.19385796545105,1.0,0.5261,0.5771,0.8505,0.6075,0.3292
114,lao,fas,0.04,32,22,0.0,10000,521,19.19385796545105,1.0,0.6754,0.712,0.9111,0.0095,0.2067
115,lao,fra,0.03,47,7,0.0,10000,521,19.19385796545105,1.0,0.5777,0.6359,0.8757,0.6074,0.3523
116,lao,hau,0.05,12,42,0.0095969289827255,1071,521,2.055662188099808,1.0,0.5763,0.6235,0.472,0.4994,0.3719
117,lao,hin,0.07,2,52,0.0,10000,521,19.19385796545105,1.0,0.6053,0.6678,0.8519,0.4995,0.1228
118,lao,hun,0.05,12,42,0.0,10000,521,19.19385796545105,1.0,0.6268,0.668,0.472,0.6074,0.3136
119,lao,ilo,0.05,12,42,0.0019193857965451,3549,521,6.811900191938579,1.0,0.6591,0.7046,0.0766,0.0084,0.0718
120,lao,ind,0.06,5,49,0.0,10000,521,19.19385796545105,1.0,0.4564,0.5448,0.3411,0.4995,0.1083
121,lao,ita,0.06,5,49,0.0,10000,521,19.19385796545105,1.0,0.5189,0.5702,0.2547,0.0282,0.333
122,lao,jav,0.04,32,22,0.0076775431861804,9243,521,17.74088291746641,1.0,0.4533,0.5398,0.0203,0.4994,0.0808
123,lao,kaz,0.03,47,7,0.0,10000,521,19.19385796545105,1.0,0.4908,0.5225,0.5038,0.1692,0.1862
124,lao,kin,0.03,47,7,0.0038387715930902,864,521,1.6583493282149713,1.0,0.599,0.6299,0.8317,0.0181,0.3171
125,lao,kir,0.04,32,22,0.0019193857965451,10000,521,19.19385796545105,1.0,0.5224,0.5804,0.472,0.6077,0.1643
126,lao,kur,0.05,12,42,0.0115163147792706,4006,521,7.689059500959693,1.0,0.582,0.6184,0.472,0.4999,0.2406
127,lao,mar,0.06,5,49,0.0,10000,521,19.19385796545105,1.0,0.6694,0.7131,0.1697,0.4998,0.1205
128,lao,mlt,0.04,32,22,0.0038387715930902,1390,521,2.6679462571976966,1.0,0.5047,0.6336,0.472,0.0132,0.3339
129,lao,mya,0.03,47,7,0.0057581573896353,3282,521,6.299424184261037,1.0,0.6205,0.682,0.3588,0.7047,0.0507
130,lao,msa,0.06,5,49,0.0,10000,521,19.19385796545105,1.0,0.5272,0.5955,0.0609,0.4994,0.0606
131,lao,nld,0.04,32,22,0.0038387715930902,10000,521,19.19385796545105,1.0,0.5839,0.6081,0.2318,0.4992,0.342
132,lao,nya,0.05,12,42,0.0115163147792706,237,521,0.45489443378119,1.0,0.5876,0.6044,0.1443,0.1408,0.3217
133,lao,orm,0.04,32,22,0.0019193857965451,265,521,0.508637236084453,1.0,0.5871,0.6091,0.472,0.0127,0.2654
134,lao,pan,0.05,12,42,0.0019193857965451,7902,521,15.166986564299425,1.0,0.6475,0.6905,0.1651,0.6078,0.1344
135,lao,pol,0.04,32,22,0.0,10000,521,19.19385796545105,1.0,0.5225,0.6152,0.1754,0.0192,0.3137
136,lao,por,0.05,12,42,0.0019193857965451,10000,521,19.19385796545105,1.0,0.5648,0.5996,0.2523,0.0282,0.3726
137,lao,ron,0.04,32,22,0.0019193857965451,10000,521,19.19385796545105,1.0,0.5438,0.5711,0.1363,0.4993,0.3025
138,lao,rus,0.03,47,7,0.0,10000,521,19.19385796545105,1.0,0.5786,0.65,0.472,0.0225,0.1998
139,lao,sna,0.05,12,42,0.0134357005758157,592,521,1.1362763915547025,1.0,0.6494,0.7105,0.0983,0.0124,0.334
140,lao,som,0.05,12,42,0.0115163147792706,1246,521,2.3915547024952017,1.0,0.6452,0.7085,0.472,0.6079,0.2555
141,lao,spa,0.04,32,22,0.0,10000,521,19.19385796545105,1.0,0.5436,0.5793,0.3927,0.4993,0.3679
142,lao,swa,0.04,32,22,0.0057581573896353,10000,521,19.19385796545105,1.0,0.6357,0.698,0.3595,0.4998,0.2977
143,lao,swe,0.06,5,49,0.0,10000,521,19.19385796545105,1.0,0.5706,0.5931,0.1902,0.6071,0.313
144,lao,tam,0.05,12,42,0.0,10000,521,19.19385796545105,1.0,0.6657,0.7121,0.0666,0.608,0.1157
145,lao,tel,0.05,12,42,0.0,5991,521,11.499040307101728,1.0,0.6073,0.679,0.1953,0.6079,0.1122
146,lao,tgk,0.05,12,42,0.0,10000,521,19.19385796545105,1.0,0.5257,0.5592,0.2029,0.1756,0.1725
147,lao,tgl,0.06,5,49,0.0076775431861804,10000,521,19.19385796545105,1.0,0.6836,0.717,0.324,0.4994,0.076
148,lao,tha,0.28,1,53,0.0,10000,521,19.19385796545105,0.0,0.4574,0.4676,0.356,0.0092,0.0193
149,lao,tir,0.02,53,1,0.0019193857965451,81,521,0.1554702495201535,1.0,0.6068,0.6171,0.0825,0.0101,0.2693
150,lao,tuk,0.05,12,42,0.0019193857965451,1152,521,2.2111324376199617,1.0,0.626,0.6936,0.5769,0.1902,0.199
151,lao,tur,0.05,12,42,0.0019193857965451,10000,521,19.19385796545105,1.0,0.6807,0.7128,0.472,0.0088,0.2805
152,lao,ukr,0.05,12,42,0.0,10000,521,19.19385796545105,1.0,0.5285,0.5913,0.1629,0.0246,0.3017
153,lao,uig,0.04,32,22,0.0,1167,521,2.2399232245681384,1.0,0.6095,0.6245,1.0,0.2148,0.1551
154,lao,uzb,0.03,47,7,0.0,10000,521,19.19385796545105,1.0,0.6171,0.6669,0.8906,0.608,0.1756
155,lao,vie,0.07,2,52,0.0,10000,521,19.19385796545105,1.0,0.5034,0.5255,0.528,0.0034,0.0143
156,lao,xho,0.04,32,22,0.0076775431861804,218,521,0.418426103646833,1.0,0.5228,0.6137,0.1678,0.0108,0.3549
157,lao,yor,0.05,12,42,0.0115163147792706,7227,521,13.871401151631478,1.0,0.4229,0.4438,0.472,0.0121,0.3902
158,lao,zul,0.04,32,22,0.0,462,521,0.8867562380038387,1.0,0.6377,0.6835,0.0905,0.4999,0.3392
159,mar,amh,0.24,6,48,0.0005,2028,10000,0.2028,1.0,0.5193,0.4898,0.4331,0.0075,0.1621
160,mar,ara,0.11,39,15,0.0,10000,10000,1.0,1.0,0.6914,0.6792,0.3973,0.3412,0.1423
161,mar,aze,0.14,31,23,0.0001,10000,10000,1.0,1.0,0.3115,0.3809,0.1421,0.6662,0.1549
162,mar,ben,0.37,3,51,0.0002,10000,10000,1.0,0.6936,0.3438,0.4014,0.0526,0.4997,0.0631
163,mar,cat,0.16,24,30,0.0,10000,10000,1.0,0.9176,0.4987,0.5709,0.1212,0.0261,0.2806
164,mar,ceb,0.09,44,10,0.0,10000,10000,1.0,1.0,0.6617,0.6709,0.1294,0.4996,0.2077
165,mar,ckb,0.21,14,40,0.0,6279,10000,0.6279,0.8003,0.6045,0.5619,0.231,0.2734,0.1458
166,mar,deu,0.22,10,44,0.0,10000,10000,1.0,0.8934,0.4294,0.4686,0.819,0.3915,0.2572
167,mar,fas,0.15,27,27,0.0,10000,10000,1.0,0.8003,0.4816,0.5133,0.8927,0.4996,0.1016
168,mar,fra,0.11,39,15,0.0,10000,10000,1.0,0.9248,0.5667,0.6397,0.8496,0.7315,0.2834
169,mar,hau,0.17,22,32,0.0,1071,10000,0.1071,1.0,0.5925,0.5927,0.3022,0.0117,0.28
170,mar,hin,0.56,1,53,0.054,10000,10000,1.0,0.6936,0.4575,0.4894,0.8207,0.0067,0.0324
171,mar,hun,0.21,14,40,0.0,10000,10000,1.0,1.0,0.4992,0.5281,0.3022,0.7315,0.2374
172,mar,ilo,0.15,27,27,0.0004,3549,10000,0.3549,1.0,0.6387,0.6088,0.0932,0.4997,0.1873
173,mar,ind,0.27,5,49,0.0,10000,10000,1.0,1.0,0.5749,0.5998,0.5108,0.0081,0.1828
174,mar,ita,0.23,8,46,0.0,10000,10000,1.0,0.9131,0.5642,0.6193,0.085,0.5002,0.2545
175,mar,jav,0.21,14,40,0.0,9243,10000,0.9243,1.0,0.5581,0.6017,0.1495,0.0113,0.1707
176,mar,kaz,0.11,39,15,0.0,10000,10000,1.0,1.0,0.4513,0.4611,0.3561,0.3388,0.116
177,mar,kin,0.07,46,8,0.0,864,10000,0.0864,1.0,0.6297,0.6327,0.8327,0.4999,0.2195
178,mar,kir,0.22,10,44,0.0,10000,10000,1.0,1.0,0.4213,0.4839,0.3022,0.7318,0.1094
179,mar,kur,0.24,6,48,0.0,4006,10000,0.4006,0.7837,0.554,0.5201,0.3022,0.0128,0.1462
180,mar,lao,0.01,53,1,0.0,521,10000,0.0521,1.0,0.6694,0.7131,0.1697,0.4998,0.1205
181,mar,mlt,0.06,47,7,0.0,1390,10000,0.139,1.0,0.5786,0.6178,0.3022,0.4995,0.2479
182,mar,mya,0.03,49,5,0.0,3282,10000,0.3282,1.0,0.5521,0.5813,0.5285,0.5639,0.0754
183,mar,msa,0.2,17,37,0.0,10000,10000,1.0,1.0,0.6309,0.6488,0.1089,0.0109,0.129
184,mar,nld,0.14,31,23,0.0,10000,10000,1.0,0.9131,0.5083,0.5511,0.062,0.6658,0.2764
185,mar,nya,0.04,48,6,0.0,237,10000,0.0237,1.0,0.7043,0.6778,0.1782,0.363,0.2355
186,mar,orm,0.11,39,15,0.0,265,10000,0.0265,1.0,0.5578,0.5498,0.3022,0.4999,0.1582
187,mar,pan,0.36,4,50,0.0,7902,10000,0.7902,0.6667,0.3543,0.3735,0.0046,0.3916,0.0555
188,mar,pol,0.15,27,27,0.0,10000,10000,1.0,0.8831,0.5149,0.5441,0.0057,0.4996,0.2444
189,mar,por,0.13,34,20,0.0,10000,10000,1.0,0.9214,0.5289,0.6125,0.0826,0.5001,0.3011
190,mar,ron,0.17,22,32,0.0002,10000,10000,1.0,0.9078,0.6054,0.5772,0.0334,0.0133,0.2247
191,mar,rus,0.03,49,5,0.0,10000,10000,1.0,0.8691,0.5808,0.5731,0.3022,0.4997,0.1613
192,mar,sna,0.13,34,20,0.0,592,10000,0.0592,1.0,0.6125,0.6781,0.0714,0.4997,0.2504
193,mar,som,0.09,44,10,0.0,1246,10000,0.1246,1.0,0.4612,0.4441,0.3022,0.3917,0.1499
194,mar,spa,0.2,17,37,0.0,10000,10000,1.0,0.9248,0.5858,0.588,0.4331,0.666,0.2935
195,mar,swa,0.18,20,34,0.0005,10000,10000,1.0,1.0,0.6425,0.6972,0.5293,0.6664,0.2048
196,mar,swe,0.16,24,30,0.0,10000,10000,1.0,0.8934,0.5118,0.591,0.0204,0.7314,0.2557
197,mar,tam,0.22,10,44,0.0,10000,10000,1.0,1.0,0.4853,0.4933,0.1031,0.7318,0.0352
198,mar,tel,0.38,2,52,0.0,5991,10000,0.5991,1.0,0.4564,0.4475,0.0256,0.3916,0.0112
199,mar,tgk,0.15,27,27,0.0,10000,10000,1.0,0.8245,0.5495,0.5341,0.2285,0.3299,0.0999
200,mar,tgl,0.16,24,30,0.0001,10000,10000,1.0,1.0,0.67,0.6346,0.4937,0.0119,0.1917
201,mar,tha,0.11,39,15,0.0003,10000,10000,1.0,1.0,0.7365,0.7742,0.5258,0.4998,0.1056
202,mar,tir,0.02,52,2,0.0,81,10000,0.0081,1.0,0.4911,0.4937,0.0872,0.4997,0.1614
203,mar,tuk,0.19,19,35,0.0001,1152,10000,0.1152,1.0,0.4899,0.4923,0.4662,0.3562,0.111
204,mar,tur,0.22,10,44,0.0,10000,10000,1.0,1.0,0.4972,0.4912,0.3022,0.4996,0.1925
205,mar,ukr,0.23,8,46,0.0,10000,10000,1.0,0.8831,0.5581,0.5977,0.0068,0.4999,0.2263
206,mar,uig,0.12,37,17,0.0,1167,10000,0.1167,1.0,0.4676,0.4691,1.0,0.3229,0.1168
207,mar,uzb,0.13,34,20,0.0,10000,10000,1.0,1.0,0.4404,0.512,0.8678,0.732,0.1065
208,mar,vie,0.14,31,23,0.0001,10000,10000,1.0,1.0,0.6852,0.7213,0.6978,0.4997,0.1285
209,mar,xho,0.03,49,5,0.0,218,10000,0.0218,1.0,0.553,0.6027,0.0019,0.4996,0.2869
210,mar,yor,0.18,20,34,0.0005,7227,10000,0.7227,1.0,0.6953,0.6831,0.3022,0.4997,0.3018
211,mar,zul,0.12,37,17,0.0,462,10000,0.0462,1.0,0.6801,0.6875,0.0792,0.6664,0.2648
212,pan,amh,0.26,5,49,0.0,2028,7902,0.2566438876233864,1.0,0.4843,0.5008,0.4313,0.3916,0.1698
213,pan,ara,0.05,44,10,0.0,10000,7902,1.2655024044545684,1.0,0.6607,0.6655,0.3973,0.4489,0.1254
214,pan,aze,0.16,14,40,0.0,10000,7902,1.2655024044545684,1.0,0.3463,0.4415,0.1375,0.7318,0.1174
215,pan,ben,0.29,4,50,0.0,10000,7902,1.2655024044545684,0.6936,0.4385,0.4791,0.048,0.6077,0.0644
216,pan,cat,0.12,26,28,0.0001265502404454,10000,7902,1.2655024044545684,0.9176,0.4919,0.5478,0.1258,0.3921,0.2506
217,pan,ceb,0.05,44,10,0.0,10000,7902,1.2655024044545684,1.0,0.6437,0.6589,0.1248,0.6077,0.2201
218,pan,ckb,0.16,14,40,0.0,6279,7902,0.7946089597570235,0.8003,0.603,0.5735,0.2292,0.4497,0.1157
219,pan,deu,0.14,19,35,0.0,10000,7902,1.2655024044545684,0.8934,0.4562,0.4997,0.8197,0.535,0.2217
220,pan,fas,0.13,21,33,0.0,10000,7902,1.2655024044545684,0.8003,0.4274,0.5141,0.8931,0.6077,0.0815
221,pan,fra,0.09,36,18,0.0,10000,7902,1.2655024044545684,0.9248,0.6096,0.6466,0.8502,0.535,0.2494
222,pan,hau,0.18,8,46,0.0001265502404454,1071,7902,0.1355353075170842,1.0,0.6189,0.6244,0.3068,0.3916,0.2755
223,pan,hin,0.49,1,53,0.0,10000,7902,1.2655024044545684,0.6936,0.4175,0.4514,0.8213,0.3916,0.0237
224,pan,hun,0.1,32,22,0.0,10000,7902,1.2655024044545684,1.0,0.4572,0.482,0.3068,0.535,0.2021
225,pan,ilo,0.07,41,13,0.0001265502404454,3549,7902,0.4491268033409263,1.0,0.5815,0.5755,0.0886,0.6077,0.193
226,pan,ind,0.2,7,47,0.0,10000,7902,1.2655024044545684,1.0,0.5518,0.5882,0.5062,0.3916,0.2173
227,pan,ita,0.15,16,38,0.0,10000,7902,1.2655024044545684,0.9131,0.4872,0.5734,0.0896,0.6079,0.2231
228,pan,jav,0.12,26,28,0.0001265502404454,9243,7902,1.1697038724373576,1.0,0.5581,0.6036,0.1449,0.3916,0.1999
229,pan,kaz,0.11,31,23,0.0,10000,7902,1.2655024044545684,1.0,0.4526,0.4802,0.3599,0.4956,0.0651
230,pan,kin,0.03,49,5,0.0001265502404454,864,7902,0.1093394077448747,1.0,0.6282,0.6456,0.8325,0.6079,0.2349
231,pan,kir,0.17,10,44,0.0,10000,7902,1.2655024044545684,1.0,0.4048,0.4624,0.3068,0.5351,0.055
232,pan,kur,0.15,16,38,0.0001265502404454,4006,7902,0.5069602632245002,0.7837,0.5538,0.5404,0.3068,0.3917,0.1155
233,pan,lao,0.01,53,1,0.0001265502404454,521,7902,0.065932675272083,1.0,0.6475,0.6905,0.1651,0.6078,0.1344
234,pan,mar,0.35,3,51,0.0,10000,7902,1.2655024044545684,0.6667,0.3543,0.3735,0.0046,0.3916,0.0555
235,pan,mlt,0.08,37,17,0.0001265502404454,1390,7902,0.175904834219185,1.0,0.5712,0.6445,0.3068,0.6076,0.2224
236,pan,mya,0.03,49,5,0.0,3282,7902,0.4153378891419894,1.0,0.5972,0.6344,0.5239,0.6543,0.0859
237,pan,msa,0.18,8,46,0.0,10000,7902,1.2655024044545684,1.0,0.6232,0.6477,0.1043,0.3916,0.1628
238,pan,nld,0.13,21,33,0.0,10000,7902,1.2655024044545684,0.9131,0.5122,0.5754,0.0666,0.7314,0.2397
239,pan,nya,0.04,47,7,0.0001265502404454,237,7902,0.0299924069855732,1.0,0.654,0.648,0.1753,0.5173,0.2618
240,pan,orm,0.08,37,17,0.0,265,7902,0.033535813718046,1.0,0.5551,0.5636,0.3068,0.6079,0.1711
241,pan,pol,0.12,26,28,0.0,10000,7902,1.2655024044545684,0.8831,0.4534,0.5173,0.0103,0.6076,0.2059
242,pan,por,0.07,41,13,0.0,10000,7902,1.2655024044545684,0.9214,0.4527,0.5447,0.0872,0.6079,0.2713
243,pan,ron,0.13,21,33,0.0,10000,7902,1.2655024044545684,0.9078,0.5757,0.5642,0.0288,0.3916,0.1891
244,pan,rus,0.05,44,10,0.0,10000,7902,1.2655024044545684,0.8691,0.5785,0.5828,0.3068,0.6077,0.1086
245,pan,sna,0.14,19,35,0.0001265502404454,592,7902,0.0749177423437104,1.0,0.6359,0.6916,0.0668,0.6077,0.276
246,pan,som,0.04,47,7,0.0001265502404454,1246,7902,0.1576815995950392,1.0,0.4482,0.454,0.3068,0.5352,0.1703
247,pan,spa,0.15,16,38,0.0,10000,7902,1.2655024044545684,0.9248,0.5459,0.5709,0.4313,0.7316,0.2647
248,pan,swa,0.08,37,17,0.0,10000,7902,1.2655024044545684,1.0,0.6587,0.7092,0.5247,0.7319,0.2304
249,pan,swe,0.1,32,22,0.0,10000,7902,1.2655024044545684,0.8934,0.5506,0.6166,0.025,0.7828,0.2132
250,pan,tam,0.21,6,48,0.0,10000,7902,1.2655024044545684,1.0,0.4769,0.5221,0.0985,0.7832,0.0896
251,pan,tel,0.46,2,52,0.0,5991,7902,0.758162490508732,1.0,0.3972,0.4377,0.0302,0.0035,0.0633
252,pan,tgk,0.13,21,33,0.0,10000,7902,1.2655024044545684,0.8245,0.546,0.5531,0.2262,0.4918,0.0483
253,pan,tgl,0.1,32,22,0.0,10000,7902,1.2655024044545684,1.0,0.638,0.6187,0.4891,0.3916,0.1993
254,pan,tha,0.07,41,13,0.0001265502404454,10000,7902,1.2655024044545684,1.0,0.7174,0.7559,0.5212,0.6077,0.1259
255,pan,tir,0.02,52,2,0.0,81,7902,0.010250569476082,1.0,0.4966,0.5226,0.0826,0.6077,0.1638
256,pan,tuk,0.17,10,44,0.0,1152,7902,0.1457858769931662,1.0,0.5168,0.5435,0.4688,0.4836,0.0703
257,pan,tur,0.13,21,33,0.0,10000,7902,1.2655024044545684,1.0,0.5028,0.5269,0.3068,0.6077,0.161
258,pan,ukr,0.17,10,44,0.0,10000,7902,1.2655024044545684,0.8831,0.5198,0.5533,0.0022,0.6078,0.1892
259,pan,uig,0.12,26,28,0.0,1167,7902,0.1476841305998481,1.0,0.4898,0.507,1.0,0.465,0.0639
260,pan,uzb,0.17,10,44,0.0,10000,7902,1.2655024044545684,1.0,0.4381,0.5022,0.8683,0.5353,0.0543
261,pan,vie,0.1,32,22,0.0,10000,7902,1.2655024044545684,1.0,0.6614,0.704,0.6932,0.6077,0.1371
262,pan,xho,0.03,49,5,0.0001265502404454,218,7902,0.0275879524171095,1.0,0.5822,0.6249,0.0027,0.6077,0.3171
263,pan,yor,0.08,37,17,0.0001265502404454,7227,7902,0.9145785876993168,1.0,0.6534,0.6522,0.3068,0.6078,0.299
264,pan,zul,0.12,26,28,0.0,462,7902,0.058466211085801,1.0,0.6761,0.6654,0.0746,0.3918,0.2948
265,tel,amh,0.22,6,48,0.00016691704223,2028,5991,0.3385077616424637,1.0,0.4131,0.4074,0.4437,0.3916,0.1701
266,tel,ara,0.06,45,9,0.0,10000,5991,1.669170422300117,1.0,0.7256,0.6875,0.3982,0.4489,0.1526
267,tel,aze,0.16,15,39,0.0,10000,5991,1.669170422300117,1.0,0.4293,0.4359,0.1677,0.7318,0.1652
268,tel,ben,0.3,5,49,0.0,10000,5991,1.669170422300117,1.0,0.4017,0.4215,0.0782,0.6079,0.0594
269,tel,cat,0.14,25,29,0.0,10000,5991,1.669170422300117,1.0,0.5253,0.5576,0.0956,0.3924,0.2897
270,tel,ceb,0.08,40,14,0.0,10000,5991,1.669170422300117,1.0,0.6478,0.6437,0.155,0.6078,0.1993
271,tel,ckb,0.18,9,45,0.00016691704223,6279,5991,1.0480721081622433,1.0,0.5914,0.5569,0.2424,0.4497,0.1564
272,tel,deu,0.15,21,33,0.0,10000,5991,1.669170422300117,1.0,0.447,0.469,0.8153,0.5351,0.2665
273,tel,fas,0.14,25,29,0.0,10000,5991,1.669170422300117,1.0,0.489,0.4798,0.8905,0.6078,0.1124
274,tel,fra,0.09,39,15,0.0,10000,5991,1.669170422300117,1.0,0.6389,0.6418,0.8466,0.5351,0.2924
275,tel,hau,0.16,15,39,0.0,1071,5991,0.1787681522283425,1.0,0.645,0.5925,0.2766,0.3918,0.2877
276,tel,hin,0.47,1,53,0.0,10000,5991,1.669170422300117,1.0,0.4531,0.4737,0.817,0.3917,0.0399
277,tel,hun,0.12,32,22,0.0,10000,5991,1.669170422300117,1.0,0.4793,0.4772,0.2766,0.5351,0.247
278,tel,ilo,0.13,29,25,0.00016691704223,3549,5991,0.5923885828743115,1.0,0.5979,0.5462,0.1188,0.6079,0.1798
279,tel,ind,0.19,7,47,0.0,10000,5991,1.669170422300117,1.0,0.607,0.6033,0.5364,0.3917,0.1726
280,tel,ita,0.15,21,33,0.0,10000,5991,1.669170422300117,1.0,0.4787,0.5456,0.0594,0.6082,0.264
281,tel,jav,0.18,9,45,0.00016691704223,9243,5991,1.542814221331998,1.0,0.6088,0.6167,0.1751,0.3917,0.1607
282,tel,kaz,0.12,32,22,0.0,10000,5991,1.669170422300117,1.0,0.4099,0.4076,0.3354,0.4957,0.1251
283,tel,kin,0.05,47,7,0.0,864,5991,0.1442163244867301,1.0,0.6144,0.6063,0.8339,0.608,0.2254
284,tel,kir,0.17,12,42,0.0,10000,5991,1.669170422300117,1.0,0.3659,0.3903,0.2766,0.5352,0.1168
285,tel,kur,0.17,12,42,0.0,4006,5991,0.6686696711734268,1.0,0.5263,0.4789,0.2766,0.3917,0.1567
286,tel,lao,0.01,52,2,0.0,521,5991,0.086963779001836,1.0,0.6073,0.679,0.1953,0.6079,0.1122
287,tel,mar,0.36,3,51,0.0,10000,5991,1.669170422300117,1.0,0.4564,0.4475,0.0256,0.3916,0.0112
288,tel,mlt,0.08,40,14,0.0,1390,5991,0.2320146886997162,1.0,0.5662,0.5958,0.2766,0.6078,0.2574
289,tel,mya,0.01,52,2,0.0,3282,5991,0.5478217325988983,1.0,0.6015,0.596,0.5541,0.6543,0.0688
290,tel,msa,0.19,7,47,0.0,10000,5991,1.669170422300117,1.0,0.6295,0.6243,0.1345,0.3917,0.1185
291,tel,nld,0.11,35,19,0.0,10000,5991,1.669170422300117,1.0,0.5387,0.6057,0.0364,0.7316,0.2854
292,tel,nya,0.03,49,5,0.0,237,5991,0.0395593390085127,1.0,0.7039,0.6602,0.1958,0.5174,0.2388
293,tel,orm,0.08,40,14,0.0,265,5991,0.044233016190953,1.0,0.5505,0.5201,0.2766,0.6079,0.1655
294,tel,pan,0.44,2,52,0.0,7902,5991,1.3189784677015524,1.0,0.3972,0.4377,0.0302,0.0035,0.0633
295,tel,pol,0.13,29,25,0.0,10000,5991,1.669170422300117,1.0,0.4541,0.4767,0.0199,0.6078,0.2537
296,tel,por,0.1,37,17,0.0,10000,5991,1.669170422300117,1.0,0.4786,0.5461,0.057,0.6082,0.31
297,tel,ron,0.16,15,39,0.0,10000,5991,1.669170422300117,1.0,0.5783,0.5466,0.059,0.3918,0.2344
298,tel,rus,0.04,48,6,0.0,10000,5991,1.669170422300117,1.0,0.5651,0.5621,0.2766,0.6079,0.1684
299,tel,sna,0.15,21,33,0.0,592,5991,0.0988148890001669,1.0,0.6573,0.6757,0.097,0.6078,0.2535
300,tel,som,0.06,45,9,0.0,1246,5991,0.2079786346185945,1.0,0.5116,0.4715,0.2766,0.5352,0.1559
301,tel,spa,0.18,9,45,0.0,10000,5991,1.669170422300117,1.0,0.5643,0.5596,0.4437,0.7317,0.3025
302,tel,swa,0.12,32,22,0.00016691704223,10000,5991,1.669170422300117,1.0,0.6935,0.7032,0.5548,0.732,0.2088
303,tel,swe,0.08,40,14,0.0,10000,5991,1.669170422300117,1.0,0.5516,0.6355,0.0051,0.783,0.2644
304,tel,tam,0.33,4,50,0.00016691704223,10000,5991,1.669170422300117,0.8831,0.309,0.3839,0.1287,0.7833,0.0271
305,tel,tgk,0.16,15,39,0.0,10000,5991,1.669170422300117,1.0,0.5129,0.4849,0.2423,0.4919,0.1089
306,tel,tgl,0.16,15,39,0.0,10000,5991,1.669170422300117,1.0,0.6421,0.592,0.5193,0.3917,0.1839
307,tel,tha,0.07,44,10,0.0,10000,5991,1.669170422300117,1.0,0.6908,0.7308,0.5514,0.6079,0.0966
308,tel,tir,0.02,51,3,0.0,81,5991,0.0135202804206309,1.0,0.4097,0.4133,0.1128,0.6078,0.17
309,tel,tuk,0.16,15,39,0.00016691704223,1152,5991,0.1922884326489734,1.0,0.4198,0.3937,0.4519,0.4837,0.1214
310,tel,tur,0.14,25,29,0.0,10000,5991,1.669170422300117,1.0,0.4845,0.4454,0.2766,0.6078,0.2027
311,tel,ukr,0.17,12,42,0.0,10000,5991,1.669170422300117,1.0,0.5034,0.5356,0.0324,0.6081,0.2359
312,tel,uig,0.15,21,33,0.0,1167,5991,0.1947921882824236,1.0,0.3473,0.3637,1.0,0.4652,0.1228
313,tel,uzb,0.14,25,29,0.0,10000,5991,1.669170422300117,1.0,0.3079,0.3783,0.8651,0.5353,0.1153
314,tel,vie,0.1,37,17,0.0,10000,5991,1.669170422300117,1.0,0.6939,0.73,0.7234,0.6079,0.1209
315,tel,xho,0.03,49,5,0.0,218,5991,0.0363879152061425,1.0,0.5516,0.5644,0.0275,0.6078,0.2881
316,tel,yor,0.11,35,19,0.00016691704223,7227,5991,1.2063094641962944,1.0,0.7183,0.6894,0.2766,0.6079,0.3091
317,tel,zul,0.13,29,25,0.0,462,5991,0.0771156735102654,1.0,0.7128,0.6669,0.1048,0.3918,0.2666
318,tir,amh,0.63,1,53,0.382716049382716,2028,81,25.03703703703704,0.5273,0.3453,0.3751,0.4052,0.4997,0.0169
319,tir,ara,0.24,37,17,0.0,10000,81,123.45679012345678,0.631,0.745,0.7037,0.4048,0.2893,0.0613
320,tir,aze,0.37,10,44,0.0123456790123456,10000,81,123.45679012345678,1.0,0.4258,0.4216,0.055,0.4996,0.1194
321,tir,ben,0.39,4,50,0.0,10000,81,123.45679012345678,1.0,0.3663,0.3306,0.0345,0.0128,0.2131
322,tir,cat,0.23,39,15,0.0,10000,81,123.45679012345678,1.0,0.5296,0.5585,0.2084,0.4995,0.1797
323,tir,ceb,0.28,29,25,0.0123456790123456,10000,81,123.45679012345678,1.0,0.582,0.5696,0.0422,0.0067,0.3428
324,tir,ckb,0.33,14,40,0.0,6279,81,77.51851851851852,1.0,0.5036,0.4826,0.211,0.2379,0.0963
325,tir,deu,0.26,33,21,0.0,10000,81,123.45679012345678,1.0,0.3799,0.4157,0.8337,0.6076,0.1766
326,tir,fas,0.24,37,17,0.0,10000,81,123.45679012345678,1.0,0.5062,0.49,0.9013,0.006,0.091
327,tir,fra,0.21,41,13,0.0,10000,81,123.45679012345678,1.0,0.6004,0.6074,0.8618,0.6075,0.1967
328,tir,hau,0.29,26,28,0.0,1071,81,13.22222222222222,0.8718,0.5732,0.5489,0.3894,0.4995,0.1331
329,tir,hin,0.42,3,51,0.0,10000,81,123.45679012345678,1.0,0.4935,0.5175,0.8353,0.4995,0.1644
330,tir,hun,0.26,33,21,0.0,10000,81,123.45679012345678,1.0,0.485,0.4917,0.3894,0.6075,0.1582
331,tir,ilo,0.31,19,35,0.0,3549,81,43.81481481481482,1.0,0.6099,0.5611,0.006,0.0139,0.3258
332,tir,ind,0.36,12,42,0.0,10000,81,123.45679012345678,1.0,0.6264,0.6089,0.4236,0.4995,0.309
333,tir,ita,0.33,14,40,0.0,10000,81,123.45679012345678,1.0,0.5154,0.5433,0.1722,0.0343,0.1593
334,tir,jav,0.28,29,25,0.0,9243,81,114.11111111111111,1.0,0.568,0.5803,0.0623,0.4995,0.3057
335,tir,kaz,0.22,40,14,0.0,10000,81,123.45679012345678,1.0,0.3024,0.2721,0.4303,0.169,0.1572
336,tir,kin,0.29,26,28,0.0,864,81,10.666666666666666,1.0,0.4435,0.4354,0.8307,0.0102,0.0874
337,tir,kir,0.31,19,35,0.0,10000,81,123.45679012345678,1.0,0.2457,0.3015,0.3894,0.6077,0.1785
338,tir,kur,0.38,7,47,0.0,4006,81,49.45679012345679,1.0,0.4787,0.4405,0.3894,0.4998,0.0978
339,tir,lao,0.02,53,1,0.0123456790123456,521,81,6.432098765432099,1.0,0.6068,0.6171,0.0825,0.0101,0.2693
340,tir,mar,0.39,4,50,0.0,10000,81,123.45679012345678,1.0,0.4911,0.4937,0.0872,0.4997,0.1614
341,tir,mlt,0.16,45,9,0.0,1390,81,17.160493827160494,0.6614,0.5563,0.5595,0.3894,0.0092,0.1348
342,tir,mya,0.07,52,2,0.0123456790123456,3282,81,40.51851851851852,1.0,0.5624,0.5661,0.4413,0.7046,0.2283
343,tir,msa,0.32,18,36,0.0,10000,81,123.45679012345678,1.0,0.609,0.6038,0.0217,0.4995,0.2694
344,tir,nld,0.19,43,11,0.0,10000,81,123.45679012345678,1.0,0.4638,0.5095,0.1492,0.4995,0.2005
345,tir,nya,0.1,49,5,0.0,237,81,2.925925925925926,1.0,0.5765,0.5234,0.1381,0.1408,0.138
346,tir,orm,0.43,2,52,0.0,265,81,3.271604938271605,0.9097,0.4332,0.3797,0.3894,0.0068,0.0325
347,tir,pan,0.37,10,44,0.0,7902,81,97.55555555555556,1.0,0.4966,0.5226,0.0826,0.6077,0.1638
348,tir,pol,0.27,32,22,0.0,10000,81,123.45679012345678,1.0,0.5297,0.5318,0.0928,0.02,0.1774
349,tir,por,0.26,33,21,0.0,10000,81,123.45679012345678,1.0,0.5071,0.534,0.1698,0.0339,0.2008
350,tir,ron,0.39,4,50,0.0,10000,81,123.45679012345678,1.0,0.538,0.5083,0.0538,0.4994,0.1495
351,tir,rus,0.21,41,13,0.0,10000,81,123.45679012345678,1.0,0.5279,0.5388,0.3894,0.0258,0.2049
352,tir,sna,0.33,14,40,0.0123456790123456,592,81,7.308641975308642,1.0,0.5516,0.5474,0.0158,0.0037,0.151
353,tir,som,0.16,45,9,0.0,1246,81,15.382716049382717,0.8989,0.5366,0.5055,0.3894,0.6078,0.0557
354,tir,spa,0.28,29,25,0.0,10000,81,123.45679012345678,1.0,0.5201,0.49,0.4052,0.4994,0.1895
355,tir,swa,0.3,22,32,0.0,10000,81,123.45679012345678,1.0,0.6018,0.59,0.4421,0.4998,0.1068
356,tir,swe,0.13,47,7,0.0,10000,81,123.45679012345678,1.0,0.5423,0.5761,0.1076,0.6074,0.2074
357,tir,tam,0.3,22,32,0.0,10000,81,123.45679012345678,1.0,0.4418,0.4424,0.0159,0.6079,0.1739
358,tir,tel,0.31,19,35,0.0,5991,81,73.96296296296296,1.0,0.4097,0.4133,0.1128,0.6078,0.17
359,tir,tgk,0.26,33,21,0.0,10000,81,123.45679012345678,1.0,0.3344,0.2995,0.1989,0.1754,0.1565
360,tir,tgl,0.38,7,47,0.0123456790123456,10000,81,123.45679012345678,1.0,0.6102,0.5819,0.4066,0.4995,0.3297
361,tir,tha,0.1,49,5,0.0,10000,81,123.45679012345678,1.0,0.6477,0.6466,0.4386,0.0167,0.2563
362,tir,tuk,0.34,13,41,0.0,1152,81,14.22222222222222,1.0,0.4146,0.4099,0.52,0.1895,0.127
363,tir,tur,0.38,7,47,0.0,10000,81,123.45679012345678,1.0,0.4774,0.4375,0.3894,0.0115,0.1134
364,tir,ukr,0.19,43,11,0.0,10000,81,123.45679012345678,1.0,0.4867,0.5012,0.0804,0.0295,0.1562
365,tir,uig,0.3,22,32,0.0,1167,81,14.407407407407408,1.0,0.3381,0.3214,1.0,0.2147,0.1972
366,tir,uzb,0.33,14,40,0.0,10000,81,123.45679012345678,1.0,0.3309,0.3896,0.8784,0.6079,0.1603
367,tir,vie,0.11,48,6,0.0,10000,81,123.45679012345678,1.0,0.602,0.6173,0.6106,0.0097,0.2757
368,tir,xho,0.09,51,3,0.0,218,81,2.691358024691358,1.0,0.5077,0.4932,0.0853,0.003,0.2085
369,tir,yor,0.29,26,28,0.0,7227,81,89.22222222222223,1.0,0.642,0.5848,0.3894,0.0046,0.1584
370,tir,zul,0.3,22,32,0.0,462,81,5.703703703703703,1.0,0.5984,0.5677,0.008,0.4998,0.183
371,ukr,amh,0.18,28,26,0.0,2028,10000,0.2028,1.0,0.5935,0.6105,0.4304,0.5002,0.1717
372,ukr,ara,0.1,43,11,0.0,10000,10000,1.0,1.0,0.595,0.5806,0.3973,0.2903,0.1139
373,ukr,aze,0.35,2,52,0.0015,10000,10000,1.0,1.0,0.507,0.5285,0.1353,0.5001,0.0784
374,ukr,ben,0.26,17,37,0.0,10000,10000,1.0,0.8919,0.5025,0.5125,0.0458,0.0175,0.244
375,ukr,cat,0.24,22,32,0.0005,10000,10000,1.0,0.9097,0.4186,0.4335,0.128,0.4982,0.0732
376,ukr,ceb,0.1,43,11,0.0,10000,10000,1.0,1.0,0.5862,0.6165,0.1226,0.0233,0.3655
377,ukr,ckb,0.25,19,35,0.0,6279,10000,0.6279,0.8919,0.6305,0.6215,0.2284,0.2401,0.0915
378,ukr,deu,0.25,19,35,0.0002,10000,10000,1.0,0.8831,0.438,0.4979,0.82,0.6073,0.0363
379,ukr,fas,0.2,26,28,0.0,10000,10000,1.0,0.8919,0.5601,0.5625,0.8933,0.024,0.1378
380,ukr,fra,0.24,22,32,0.0003,10000,10000,1.0,0.9176,0.4809,0.5406,0.8505,0.607,0.068
381,ukr,hau,0.17,32,22,0.0,1071,10000,0.1071,1.0,0.5687,0.5766,0.309,0.499,0.1745
382,ukr,hin,0.29,7,47,0.0,10000,10000,1.0,0.8919,0.4814,0.5248,0.8217,0.4995,0.2066
383,ukr,hun,0.24,22,32,0.0007,10000,10000,1.0,1.0,0.4288,0.4655,0.309,0.6071,0.0158
384,ukr,ilo,0.12,38,16,0.0,3549,10000,0.3549,1.0,0.5834,0.5488,0.0864,0.0166,0.3398
385,ukr,ind,0.28,10,44,0.0008,10000,10000,1.0,1.0,0.4714,0.555,0.504,0.4994,0.3719
386,ukr,ita,0.24,22,32,0.0003,10000,10000,1.0,0.9047,0.4257,0.4193,0.0918,0.0062,0.0442
387,ukr,jav,0.16,35,19,0.0013,9243,10000,0.9243,1.0,0.5459,0.6222,0.1427,0.4995,0.3583
388,ukr,kaz,0.34,3,51,0.0143,10000,10000,1.0,1.0,0.4977,0.5076,0.3617,0.1715,0.1329
389,ukr,kin,0.05,49,5,0.0,864,10000,0.0864,1.0,0.5687,0.6012,0.8324,0.0394,0.2186
390,ukr,kir,0.32,5,49,0.0063,10000,10000,1.0,1.0,0.4553,0.5061,0.309,0.6079,0.1562
391,ukr,kur,0.18,28,26,0.0004,4006,10000,0.4006,0.8831,0.5579,0.5608,0.309,0.5007,0.0907
392,ukr,lao,0.03,53,1,0.0,521,10000,0.0521,1.0,0.5285,0.5913,0.1629,0.0246,0.3017
393,ukr,mar,0.29,7,47,0.0,10000,10000,1.0,0.8831,0.5581,0.5977,0.0068,0.4999,0.2263
394,ukr,mlt,0.1,43,11,0.0001,1390,10000,0.139,1.0,0.4398,0.5179,0.309,0.0237,0.0653
395,ukr,mya,0.04,51,3,0.0001,3282,10000,0.3282,1.0,0.6157,0.6217,0.5217,0.7048,0.2628
396,ukr,msa,0.28,10,44,0.0005,10000,10000,1.0,1.0,0.506,0.5833,0.1021,0.4995,0.3287
397,ukr,nld,0.28,10,44,0.0003,10000,10000,1.0,0.9047,0.4291,0.4943,0.0688,0.4983,0.0593
398,ukr,nya,0.06,48,6,0.0,237,10000,0.0237,1.0,0.5644,0.5772,0.1739,0.1433,0.2713
399,ukr,orm,0.09,46,8,0.0,265,10000,0.0265,1.0,0.5679,0.5639,0.309,0.0355,0.1861
400,ukr,pan,0.27,15,39,0.0,7902,10000,0.7902,0.8831,0.5198,0.5533,0.0022,0.6078,0.1892
401,ukr,pol,0.33,4,50,0.0003,10000,10000,1.0,0.5903,0.3677,0.4508,0.0125,0.0122,0.0239
402,ukr,por,0.17,32,22,0.0005,10000,10000,1.0,0.9139,0.406,0.3933,0.0894,0.005,0.0951
403,ukr,ron,0.28,10,44,0.0005,10000,10000,1.0,0.8989,0.4535,0.4816,0.0266,0.4991,0.0082
404,ukr,rus,0.42,1,53,0.0047,10000,10000,1.0,0.2952,0.3665,0.3744,0.309,0.0051,0.1354
405,ukr,sna,0.12,38,16,0.0,592,10000,0.0592,1.0,0.5953,0.6514,0.0646,0.0316,0.2793
406,ukr,som,0.09,46,8,0.0003,1246,10000,0.1246,1.0,0.5396,0.5502,0.309,0.6082,0.2061
407,ukr,spa,0.25,19,35,0.0006,10000,10000,1.0,0.9176,0.4136,0.4546,0.4304,0.4991,0.0896
408,ukr,swa,0.15,36,18,0.0003,10000,10000,1.0,1.0,0.5999,0.6663,0.5225,0.5005,0.249
409,ukr,swe,0.28,10,44,0.0006,10000,10000,1.0,0.8831,0.5056,0.5585,0.0272,0.6066,0.0563
410,ukr,tam,0.17,32,22,0.0,10000,10000,1.0,1.0,0.5584,0.5688,0.0963,0.6083,0.2538
411,ukr,tel,0.26,17,37,0.0,5991,10000,0.5991,1.0,0.5034,0.5356,0.0324,0.6081,0.2359
412,ukr,tgk,0.27,15,39,0.0012,10000,10000,1.0,0.9047,0.5424,0.5495,0.2251,0.1778,0.1473
413,ukr,tgl,0.18,28,26,0.0007,10000,10000,1.0,1.0,0.5058,0.5284,0.487,0.4994,0.3461
414,ukr,tha,0.11,42,12,0.0001,10000,10000,1.0,1.0,0.6139,0.6416,0.519,0.0157,0.2972
415,ukr,tir,0.04,51,3,0.0,81,10000,0.0081,1.0,0.4867,0.5012,0.0804,0.0295,0.1562
416,ukr,tuk,0.18,28,26,0.0,1152,10000,0.1152,1.0,0.5994,0.5957,0.4701,0.1921,0.1244
417,ukr,tur,0.3,6,48,0.001,10000,10000,1.0,1.0,0.5572,0.5584,0.309,0.0184,0.0471
418,ukr,uig,0.12,38,16,0.0,1167,10000,0.1167,1.0,0.5112,0.5203,1.0,0.2158,0.1689
419,ukr,uzb,0.29,7,47,0.0,10000,10000,1.0,1.0,0.5105,0.5609,0.8685,0.6085,0.1439
420,ukr,vie,0.19,27,27,0.0005,10000,10000,1.0,1.0,0.5314,0.6128,0.691,0.0221,0.3009
421,ukr,xho,0.05,49,5,0.0002,218,10000,0.0218,1.0,0.5266,0.5631,0.0049,0.0282,0.3287
422,ukr,yor,0.14,37,17,0.0001,7227,10000,0.7227,1.0,0.5344,0.5513,0.309,0.0331,0.1969
423,ukr,zul,0.12,38,16,0.0001,462,10000,0.0462,1.0,0.5515,0.6172,0.0724,0.5007,0.3094
424,uig,amh,0.21,14,40,0.0,2028,1167,1.737789203084833,1.0,0.4423,0.4469,0.6082,0.3229,0.2069
425,uig,ara,0.12,40,14,0.0,10000,1167,8.56898029134533,1.0,0.7738,0.7374,0.6027,0.1363,0.1466
426,uig,aze,0.29,2,52,0.0068551842330762,10000,1167,8.56898029134533,0.5804,0.3916,0.3985,1.0,0.4853,0.1112
427,uig,ben,0.21,14,40,0.0,10000,1167,8.56898029134533,1.0,0.3277,0.3125,1.0,0.2147,0.097
428,uig,cat,0.2,18,36,0.0,10000,1167,8.56898029134533,1.0,0.5892,0.5976,1.0,0.3229,0.2349
429,uig,ceb,0.17,30,24,0.0,10000,1167,8.56898029134533,1.0,0.6508,0.6332,1.0,0.2146,0.2284
430,uig,ckb,0.2,18,36,0.0025706940874035,6279,1167,5.380462724935732,1.0,0.558,0.536,0.7892,0.0744,0.1223
431,uig,deu,0.19,22,32,0.0,10000,1167,8.56898029134533,1.0,0.4035,0.4132,0.2043,0.4508,0.1999
432,uig,fas,0.15,37,17,0.0,10000,1167,8.56898029134533,1.0,0.576,0.546,0.1208,0.2146,0.1118
433,uig,fra,0.16,33,21,0.0,10000,1167,8.56898029134533,1.0,0.6443,0.6419,0.1695,0.5726,0.2269
434,uig,hau,0.16,33,21,0.0085689802913453,1071,1167,0.9177377892030848,1.0,0.6807,0.638,1.0,0.3226,0.2907
435,uig,hin,0.24,4,50,0.0,10000,1167,8.56898029134533,1.0,0.4827,0.4977,0.2024,0.3227,0.0855
436,uig,hun,0.19,22,32,0.001713796058269,10000,1167,8.56898029134533,1.0,0.5217,0.5065,1.0,0.5726,0.1834
437,uig,ilo,0.18,28,26,0.0085689802913453,3549,1167,3.041131105398457,1.0,0.6455,0.5937,1.0,0.2148,0.1965
438,uig,ind,0.22,8,46,0.0042844901456726,10000,1167,8.56898029134533,1.0,0.6442,0.64,1.0,0.3227,0.2495
439,uig,ita,0.19,22,32,0.0,10000,1167,8.56898029134533,1.0,0.5755,0.5946,1.0,0.2164,0.2083
440,uig,jav,0.19,22,32,0.0119965724078834,9243,1167,7.920308483290489,1.0,0.6269,0.6275,1.0,0.3227,0.2277
441,uig,kaz,0.18,28,26,0.0,10000,1167,8.56898029134533,0.5804,0.3237,0.3049,0.804,0.0681,0.0476
442,uig,kin,0.12,40,14,0.0051413881748071,864,1167,0.7403598971722365,1.0,0.6348,0.6063,0.1694,0.2152,0.2719
443,uig,kir,0.22,8,46,0.0008568980291345,10000,1167,8.56898029134533,0.5804,0.3324,0.369,1.0,0.5729,0.0208
444,uig,kur,0.22,8,46,0.0111396743787489,4006,1167,3.43273350471294,1.0,0.5546,0.5126,1.0,0.3231,0.1214
445,uig,lao,0.04,52,2,0.0,521,1167,0.4464438731790917,1.0,0.6095,0.6245,1.0,0.2148,0.1551
446,uig,mar,0.23,5,49,0.0,10000,1167,8.56898029134533,1.0,0.4676,0.4691,1.0,0.3229,0.1168
447,uig,mlt,0.09,48,6,0.0034275921165381,1390,1167,1.1910882604970008,1.0,0.6184,0.6306,1.0,0.2147,0.2168
448,uig,mya,0.04,52,2,0.0,3282,1167,2.8123393316195373,1.0,0.5655,0.5666,1.0,0.5665,0.1163
449,uig,msa,0.23,5,49,0.0008568980291345,10000,1167,8.56898029134533,1.0,0.6217,0.6201,1.0,0.3226,0.1983
450,uig,nld,0.12,40,14,0.0008568980291345,10000,1167,8.56898029134533,1.0,0.5536,0.5739,1.0,0.4849,0.2133
451,uig,nya,0.08,49,5,0.0034275921165381,237,1167,0.2030848329048843,1.0,0.7432,0.6929,0.8653,0.1046,0.3047
452,uig,orm,0.11,45,9,0.0008568980291345,265,1167,0.2270779777206512,1.0,0.5882,0.5404,1.0,0.215,0.2119
453,uig,pan,0.22,8,46,0.0,7902,1167,6.77120822622108,1.0,0.4898,0.507,1.0,0.465,0.0639
454,uig,pol,0.19,22,32,0.0,10000,1167,8.56898029134533,1.0,0.5194,0.5325,1.0,0.215,0.1804
455,uig,por,0.16,33,21,0.0,10000,1167,8.56898029134533,1.0,0.57,0.5873,1.0,0.2163,0.2535
456,uig,ron,0.23,5,49,0.001713796058269,10000,1167,8.56898029134533,1.0,0.5941,0.5593,1.0,0.3226,0.1714
457,uig,rus,0.17,30,24,0.0,10000,1167,8.56898029134533,1.0,0.5132,0.5363,1.0,0.2154,0.0518
458,uig,sna,0.15,37,17,0.0051413881748071,592,1167,0.5072836332476436,1.0,0.7202,0.7133,1.0,0.2148,0.3177
459,uig,som,0.13,39,15,0.0077120822622107,1246,1167,1.067694944301628,1.0,0.526,0.5118,1.0,0.4749,0.2163
460,uig,spa,0.2,18,36,0.0,10000,1167,8.56898029134533,1.0,0.5933,0.5622,0.6082,0.5052,0.2493
461,uig,swa,0.19,22,32,0.0119965724078834,10000,1167,8.56898029134533,1.0,0.7501,0.7394,1.0,0.5056,0.275
462,uig,swe,0.12,40,14,0.0,10000,1167,8.56898029134533,1.0,0.5847,0.6059,1.0,0.5808,0.1779
463,uig,tam,0.16,33,21,0.0,10000,1167,8.56898029134533,1.0,0.3744,0.3935,1.0,0.586,0.1485
464,uig,tel,0.21,14,40,0.0,5991,1167,5.133676092544987,1.0,0.3473,0.3637,1.0,0.4652,0.1228
465,uig,tgk,0.22,8,46,0.0,10000,1167,8.56898029134533,1.0,0.5203,0.4821,0.8035,0.0755,0.0444
466,uig,tgl,0.21,14,40,0.0025706940874035,10000,1167,8.56898029134533,1.0,0.6315,0.5991,1.0,0.3226,0.2042
467,uig,tha,0.1,47,7,0.0,10000,1167,8.56898029134533,1.0,0.7446,0.7406,1.0,0.2149,0.1541
468,uig,tir,0.05,50,4,0.0,81,1167,0.0694087403598971,1.0,0.3381,0.3214,1.0,0.2147,0.1972
469,uig,tuk,0.22,8,46,0.0077120822622107,1152,1167,0.987146529562982,0.5319,0.3891,0.3866,0.6304,0.0419,0.0772
470,uig,tur,0.32,1,53,0.0025706940874035,10000,1167,8.56898029134533,0.5804,0.4677,0.4301,1.0,0.2147,0.1552
471,uig,ukr,0.2,18,36,0.0,10000,1167,8.56898029134533,1.0,0.5112,0.5203,1.0,0.2158,0.1689
472,uig,uzb,0.29,2,52,0.001713796058269,10000,1167,8.56898029134533,0.4601,0.239,0.3396,0.149,0.5931,0.0409
473,uig,vie,0.12,40,14,0.0034275921165381,10000,1167,8.56898029134533,1.0,0.6196,0.6422,1.0,0.2147,0.1519
474,uig,xho,0.05,50,4,0.001713796058269,218,1167,0.1868037703513282,1.0,0.5871,0.5924,1.0,0.2147,0.3591
475,uig,yor,0.17,30,24,0.014567266495287,7227,1167,6.19280205655527,1.0,0.7077,0.665,1.0,0.2149,0.3139
476,uig,zul,0.11,45,9,0.0008568980291345,462,1167,0.3958868894601542,1.0,0.7505,0.7226,1.0,0.5018,0.3381
